name,country_code,lat,lon
Nara,JP,34.6851,135.8048
Kobe,JP,34.6901,135.1955
Kyoto,JP,35.0116,135.7681
Osaka,JP,34.6937,135.5023
Sapporo,JP,43.0618,141.3545
Hiroshima,JP,34.3853,132.4553
Nagoya,JP,35.1815,136.9066
Fukuoka,JP,33.5902,130.4017
Sendai,JP,38.2682,140.8694
Nagasaki,JP,32.7503,129.8779
Kagoshima,JP,31.5966,130.5571
Okinawa,JP,26.2123,127.6792
Yokohama,JP,35.4437,139.6380
Kawasaki,JP,35.5276,139.7030
Saitama,JP,35.8617,139.6455
Chiba,JP,35.6075,140.1065
Naha,JP,26.2120,127.6792
Kanazawa,JP,36.5610,136.6566
Matsumoto,JP,36.2380,137.9720
Takayama,JP,36.1461,137.2522
Hakone,JP,35.2324,139.1060
Kamakura,JP,35.3192,139.5467
Nikko,JP,36.7198,139.6982
Nikko,JP,36.7198,139.6982
Niseko,JP,42.8048,140.6875
